SET search_path = "projet";


INSERT INTO chainehoteliere(id_chaine,nom_chaine,adresse,nombre_hotel,email,num_tel)
VALUES
   (1,'Crystal Crown Hotels','123 Main St, New York, NY, USA 1001','8','contact@crystal.com','212-555-1234'),
   (2,'Horizon Heights Hotels','456 Elm St, Chicago, IL, USA 60601','8','contact@horizon.com','312-555-5678'),
   (3,'Serenity Hotels','155 Kent St, Ottawa, ON, Canada KIP 5R7','8','contact@serenity.com','613-222-4455'),
   (4,'Stellar Stay Hotels','900 York St, Toronto, ON, Canada M3B 3H2','8','contact@stellar.com','416-888-9977'),
   (5,'Radiant Hotels','244 Maple St, Edmonton, AB, Canada T6X 0P1','8','contact@radiant.com','780-777-3311');
   
INSERT INTO hotel(id_hotel,id_chaine,nom_hotel,nombre_chambre,adresse,num_tel,nombre_etoile,email,categorie,nom_chaine,description)
VALUES
   (100,1,'Cystal Crown Hotel & Spa',300,'255 Elm St, New York, NY, USA 1122','212-334-6771',5,'contact@crown.com','luxury','Crystal Crown Hotels','Niché au cœur des montagnes, cet hôtel offre des vues spectaculaires sur les sommets enneigés.'),
   (101,1,'Diamond Vista Hotel',300,'277 King St, New York, NY, USA 5511','212-098-7711',4,'contact@diamond.com','resort','Crystal Crown Hotels','Situé dans le quartier historique, cet hôtel de charme propose des chambres élégantes et un service attentionné.'),
   (102,1,'Crystal Crest Inn',300, '155 Oak St, Ottawa, ON, Canada K4P 6R8','613-888-0000',3,'contact@crest.com','inn','Crystal Crown Hotels','Avec son architecture traditionnelle et son jardin luxuriant, cet hôtel respire la tranquillité.'),
   (103,1,'Crown Jewel Hotel',300,'101 Elm St, Los Angeles,CA, USA 90200','213-777-9999',5,'contact@jewel.com','luxury','Crystal Crown Hotels','Cet hôtel de style moderne séduit par son design épuré et ses installations haut de gamme.'),
   (104,1,'Emerald Crown Suites',300,'123 Rue Principale,Montréal, QC, Canada G1R 4P8','514-555-6666',4,'contact@emerald.com','suite','Crystal Crown Hotels','Au bord de la mer, cet hôtel offre un accès privilégié à une plage de sable fin.'),
   (105,1,'Sapphire Palace Hotel',300,'456 Crown St, Chicago, IL, USA 66577','312-666-7777',3,'contact@sapphire.com','resort','Crystal Crown Hotels','Dans le quartier animé, cet hôtel urbain propose un refuge paisible au cœur de la ville.'),
   (106,1,'Crystal Cove Hotel',300,'500 Cedar Road,Toronto,ON,Canada M3Y 3H7','416-777-0167',5,'contact@cove.com','luxury','Crystal Crown Hotels','Cet hôtel écologique offre une retraite paisible en pleine nature.'),
   (107,1,'Crystal Harbor Hotel',300,'101 Maple Avenue, Los Angeles,CA, USA 90201','604-777-0178',4,'contact@harbor.com','resort','Crystal Crown Hotels','Avec ses chambres élégantes et son spa relaxant, cet hôtel promet un séjour inoubliable.'),
   (108,2,'Horizon Heights Grand',350,'466 Birchwood Drive,Ottawa,ON, Canda K3P 8R0','416-777-0189',3,'contact@heights.com','luxury','Horizon Heights Hotels','Niché au milieu des vignobles, cet hôtel offre des dégustations de vin et des panoramas pittoresques.'),
   (109,2,'Sunrise Summit Hotel',350,'900 Forest Drive,Ottawa,ON,Canada K7P 7R1','514-777-0190',5,'contact@sunrise.com','resort','Horizon Heights Hotels','Cet hôtel familial propose des activités ludiques pour les enfants et un espace détente pour les parents.'),
   (110,2,'Horizon Heights Towers',350,'700 Pinecrest Boulevard,Toronto,ON,Canada M7Y 8H1','212-777-0201',4,'contact@towers.com','suite','Horizon Heights Hotels','Au bord du lac, cet hôtel de charme invite à la détente et à la contemplation.'),
   (111,2,'Skyline View Hotel',350,'123 Oak Avenue,Portland,Oregon,USA 97201','213-777-0212',3,'contact@skyline.com','luxury','Horizon Heights Hotels','Dans le quartier artistique, cet hôtel séduit par son ambiance créative et décontractée.'),
   (112,2,'Summit Vista Resort',350,'456 Elm Street, Denver, Colorado, USA 80202','312-777-0223',5,'contact@summit.com','resort','Horizon Heights Hotels','Cet hôtel offre des vues panoramiques sur un océan et des couchers de soleil à couper le souffle.'),
   (113,2,'Panorama Plaza Hotel',350,'789 Maple Drive, Austin, Texas, USA 78701','305-777-0234',4,'contact@panorama.com','suite','Horizon Heights Hotels','Offrant une vue imprenable sur la ville, cet hôtel est un véritable havre de paix.'),
   (114,2,'Highview Hotel',350,'101 Pine Street, Seattle, Washington, USA 98101','713-777-0245',3,'contact@highview.com','luxury','Horizon Heights Hotels','Cet hôtel éco-responsable propose des initiatives durables et un séjour en harmonie avec la nature.'),
   (115,2,'Sunset Hotel',350,'234 Cedar Lane, San Francisco, California, USA 94102','713-777-0256',4,'contact@sunset.com','resort','Horizon Heights Hotels','Avec ses chambres spacieuses et son service personnalisé, cet hôtel promet une expérience exclusive.'),
   (116,3,'Serenity Suites & spa',400,'890 Willow Way, Vancouver, British Columbia, Canada V6B 3E9','604-222-7890',5,'contact@serenityspa.com','suite','Serenity Hotels','Situé au pied des pistes, cet hôtel offre un accès direct aux activités en plein air.'),
   (117,3,'Tranquil Oasis Hotel',400,'600 Blossom Drive,Vancouver, British Columbia, Canada V8C 4E7','604-333-7890',4,'contact@tranquil.com','resort','Serenity Hotels','Cette hotel pittoresque propose des chambres décorées et un accueil chaleureux.'),
   (118,3,'Sunset Serenity Suites',400,'567 Birch Avenue, Toronto, Ontario, Canada M5H 2N2','613-777-0267',3,'contact@sunsetserenity.com','suite','Serenity Hotels', 'Cet hôtel de montagne propose des randonnées guidées et des soirées autour du feu de camp.'),
   (119,3,'Calm Waters Hotel',400,'1234 Juniper Road, Montreal, Quebec, Canada H3B 2Y7','215-777-0278',5,'contact@calmwaters.com','resort','Serenity Hotels','Niché dans la vieille ville, cet hôtel de caractère offre une immersion authentique dans le passé.'),
   (120,3,'Blissful Bay Suites',400,'5678 Sycamore Court, New York, New York, USA 10001','514-777-0290',4,'contact@blissful.com','suite','Serenity Hotels','Avec son restaurant étoilé, cet hôtel gastronomique ravit les sens.'),
   (121,3,'Peaceful Retreat Hotel',400,'9012 Cherry Lane, Los Angeles, California, USA 90001','403-777-0301',3,'contact@peaceful.com','luxury','Serenity Hotels','Cette retraite en pleine nature propose des séances de yoga et des massages relaxants.'),
   (122,3,'Serene Hotel',400,'345 Ivy Street, Chicago, Illinois, USA 60601','617-777-0312',5,'contact@serenehotel.com','luxury','Serenity Hotels','Cet hôtel champêtre est un véritable havre de paix.'),
   (123,3,'Harmony Hotel',400,'678 Cypress Avenue, Miami, Florida, USA 33101','416-777-0323',4,'contact@harmony.com','luxury','Serenity Hotels','Situé au cœur de la vieille ville, cet hôtel de style colonial offre un voyage dans le temps.'),
   (124,4,'Stellar Stay Hotel & Suites',450,'901 Hunter Drive,Houston, Texas, USA 77002','416-777-0334',3,'contact@stellarstay.com','suite','Stellar Stay Hotels','Cet hôtel familial offre un programme avec des activités variées pour toute la famille, des petits aux grands.'),
   (125,4,'Starlight Stay Hotel',450,'611 Magnolia Drive, Houston, Texas, USA 77009','214-777-0345',5,'contact@starlightstay.com','luxury','Stellar Stay Hotels','Avec ses piscines à débordement et ses jardins luxuriants, cet hôtel offre une ambiance tropicale.'),
   (126,4,'Celestial Hotel',450,'567 Aspen Street, Ottawa, Ontario, Canada K1P 1A4','604-777-0356',4,'contact@celestialhotel.com','resort','Stellar Stay Hotels','Cette demeure historique propose des suites élégantes et un service raffiné digne des grands palaces.'),
   (127,4,'Stellar Skies Hotel',450,'890 Brookside Boulevard, Philadelphia, Pennsylvania, USA 19101','602-777-0367',3,'contact@stellarstars.com','resort','Stellar Stay Hotels','Dans le quartier branché, cet hôtel design séduit par son ambiance trendy et ses espaces lounge.'),
   (128,4,'Galaxy Grand Hotel',450,'123 Harbor View Avenue, San Diego, California, USA 92101','202-777-0378',5,'contact@galaxygrand.com','luxury','Stellar Stay Hotels','Cet hôtel contemporain propose des œuvres en exposition permanente et des chambres design.'),
   (129,4,'Cosmos Comfort Hotel',450,'456 Ocean Drive, Montreal, Quebec, Canada H2Y 1A6','206-777-0389',4,'contact@cosmos.com','suite','Stellar Stay Hotels','Avec ses cottages pittoresques et son ambiance conviviale, cet hôtel est un véritable havre de paix.'),
   (130,4,'Aurora Avenue Hotel',450,'789 Lakeside Road, Calgary, Alberta, Canada T2P 2M5','514-777-0390',3,'contact@aurora.com','luxury','Stellar Stay Hotels','Cet hôtel design offre des vues spectaculaires sur la skyline urbaine et des installations haut de gamme.'),
   (131,4,'Stellar Shine Hotel',450,'101 Park Avenue, Boston, Massachusetts, USA 02108','213-777-1234',5,'contact@stellarshine.com','resort','Stellar Stay Hotels','Niché au milieu des dunes, cet hôtel de plage offre un décor de carte postale et des couchers de soleil à couper le souffle.'),
   (132,5,'Radiant Hotel & Spa',500,'890 Woodland Court, Toronto, Ontario, Canada M5J 2E3','613-777-5678',4,'contact@radianthotel.com','suite','Radiant Hotels','Situé dans un parc national, cet hôtel propose des safaris et des excursions pour découvrir la faune sauvage.'),
   (133,5,'Sunshine Suites',500,'900 Oak Street,Toronto, Ontario, Canada M8J 3E9','819-777-9876',3,'contact@sunshinesuites.com','suite','Radiant Hotels','Cette auberge de jeunesse animée offre un hébergement abordable et une ambiance décontractée.'),
   (134,5,'Golden Glow Hotel',500,'234 Hillcrest Street, Dallas, Texas, USA 75201','416-777-3456',5,'contact@goldenglow.com','luxury','Radiant Hotels','Avec ses cabanes perchées dans les arbres, cet hôtel insolite invite à vivre une expérience unique en pleine nature.'),
   (135,5,'Gleaming Hotel',500,'567 Riverdale Lane, Vancouver, British Columbia, Canada V6C 2X6','503-777-6789',4,'contact@gleaming.com','luxury','Radiant Hotels','Cette auberge de montagne propose des soirées au coin du feu et des randonnées guidées en montagne.'),
   (136,5,'Luminous Hotel',500,'123 Greenbriar Way, Phoenix, Arizona, USA 85001','512-777-6789',3,'contact@luminous.com','resort','Radiant Hotels','Cet hôtel offre des activités nautiques et des balades en nature.'),
   (137,5,'Brilliance Bay Hotel',500,'456 Meadowview Drive, Washington, D.C., USA 20001','206-777-3456',5,'contact@brilliancebay.com','resort','Radiant Hotels','Cet hôtel de style colonial propose des jardins tropicaux, une piscine à débordement et des chambres élégantes pour un séjour inoubliable.'),
   (138,5,'Sparkling Sands Hotel',500,'789 Orchard Lane, Seattle, Washington, USA 98101','425-777-1234',4,'contact@sparklings.com','resort','Radiant Hotels','Un havre de villégiature paradisiaque, niché au cœur de paysages spectaculaires, offrant une évasion totale et une expérience de vacances inoubliable.'),
   (139,5,'Radiant Reflections Hotel',500,'234 Forest Hill Road, Montreal, Quebec, Canada H2Z 1A9','604-555-7890',3,'contact@reflections.com','luxury','Radiant Hotels','Un hôtel luxueux au cœur de la ville, avec des suites somptueuses et une cuisine raffinée.');

INSERT INTO gestionnaire(id_gestionnaire,nom,prenom,nom_hotel,adresse,email,num_tel)
VALUES
   (10, 'Smith', 'John', 'Crystal Crown Hotel & Spa', '255 Elm St, New York, NY, USA 1122', 'john.smith@crystalcrown.com', '212-555-0101'),
   (11, 'Doe', 'Jane', 'Diamond Vista Hotel', '277 King St, New York, NY, USA 5511', 'jane.doe@diamondvista.com', '212-555-0112'),
   (12, 'Johnson', 'Rick', 'Crystal Crest Inn', '155 Oak St, Ottawa, ON, Canada K4P 6R8', 'rick.johnson@crystalcrest.com', '613-555-0123'),
   (13, 'Williams', 'Alice', 'Crown Jewel Hotel', '101 Elm St, Los Angeles, CA, USA 90200', 'alice.williams@crownjewel.com', '213-555-0134'),
   (14, 'Brown', 'David', 'Emerald Crown Suites', '123 Rue Principale, Montréal, QC, Canada G1R 4P8', 'david.brown@emeraldcrown.com', '514-555-0145'),
   (15, 'Davis', 'Emily', 'Sapphire Palace Hotel', '456 Crown St, Chicago, IL, USA 66577', 'emily.davis@sapphirepalace.com', '312-555-0156'),
   (16, 'Miller', 'Michael', 'Crystal Cove Hotel', '500 Cedar Road, Toronto, ON, Canada M3Y 3H7', 'michael.miller@crystalcove.com', '416-555-0167'),
   (17, 'Taylor', 'Liam', 'Tranquil Oasis Hotel', '600 Blossom Drive, Vancouver, BC, Canada V8C 4E7', 'liam.taylor@tranquiloasis.com', '604-555-0178'),
   (18, 'Anderson', 'Sophia', 'Sunset Serenity Suites', '567 Birch Ave, Toronto, ON, Canada M5H 2N2', 'sophia.anderson@sunsetserenity.com', '416-555-0189'),
   (19, 'Thomas', 'Noah', 'Calm Waters Hotel', '1234 Juniper Road, Montreal, QC, Canada H3B 2Y7', 'noah.thomas@calmwaters.com', '514-555-0190'),
   (20, 'Jackson', 'Olivia', 'Blissful Bay Suites', '5678 Sycamore Court, New York, NY, USA 10001', 'olivia.jackson@blissfulbay.com', '212-555-0201'),
   (21, 'White', 'William', 'Peaceful Retreat Hotel', '9012 Cherry Lane, Los Angeles, CA, USA 90001', 'william.white@peacefulretreat.com', '213-555-0212'), 
   (22, 'Harris', 'Ava', 'Serene Hotel', '345 Ivy Street, Chicago, IL, USA 60601', 'ava.harris@serenehotel.com', '312-555-0223'), 
   (23, 'Martin', 'James', 'Harmony Hotel', '678 Cypress Avenue, Miami, FL, USA 33101', 'james.martin@harmonyhotel.com', '305-555-0234'),
   (24, 'Thompson', 'Isabella', 'Stellar Stay Hotel & Suites', '901 Hunter Drive, Houston, TX, USA 77002', 'isabella.thompson@stellarstay.com', '713-555-0245'),
   (25, 'Garcia', 'Lucas', 'Starlight Stay Hotel', '611 Magnolia Drive, Houston, TX, USA 77009', 'lucas.garcia@starlightstay.com', '713-555-0256'),
   (26, 'Martinez', 'Mia', 'Celestial Hotel', '567 Aspen Street, Ottawa, ON, Canada K1P 1A4', 'mia.martinez@celestialhotel.com', '613-555-0267'),
   (27, 'Robinson', 'Ethan', 'Stellar Skies Hotel', '890 Brookside Boulevard, Philadelphia, PA, USA 19101', 'ethan.robinson@stellarskies.com', '215-555-0278'),
   (28, 'Clark', 'Madison', 'Galaxy Grand Hotel', '123 Harbor View Ave, San Diego, CA, USA 92101', 'madison.clark@galaxygrand.com', '619-555-0289'),
   (29, 'Rodriguez', 'Alexander', 'Cosmos Comfort Hotel', '456 Ocean Drive, Montreal, QC, Canada H2Y 1A6', 'alexander.rodriguez@cosmoscomfort.com', '514-555-0290'),
   (30, 'Lewis', 'Emily', 'Aurora Avenue Hotel', '789 Lakeside Road, Calgary, AB, Canada T2P 2M5', 'emily.lewis@auroraavenue.com', '403-555-0301'),
   (31, 'Lee', 'Jacob', 'Stellar Shine Hotel', '101 Park Avenue, Boston, MA, USA 02108', 'jacob.lee@stellarshine.com', '617-555-0312'),
   (32, 'Walker', 'Emma', 'Radiant Hotel & Spa', '890 Woodland Court, Toronto, ON, Canada M5J 2E3', 'emma.walker@radianthotel.com', '416-555-0323'),
   (33, 'Allen', 'Oliver', 'Sunshine Suites', '900 Oak Street, Toronto, ON, Canada M8J 3E9', 'oliver.allen@sunshinesuites.com', '416-555-0334'),
   (34, 'Young', 'Charlotte', 'Golden Glow Hotel', '234 Hillcrest Street, Dallas, TX, USA 75201', 'charlotte.young@goldenglow.com', '214-555-0345'),
   (35, 'Hernandez', 'Jack', 'Gleaming Hotel', '567 Riverdale Lane, Vancouver, BC, Canada V6C 2X6', 'jack.hernandez@gleaminghotel.com', '604-555-0356'), 
   (36, 'King', 'Avery', 'Luminous Hotel', '123 Greenbriar Way, Phoenix, AZ, USA 85001', 'avery.king@luminoushotel.com', '602-555-0367'),
   (37, 'Wright', 'Gabriel', 'Brilliance Bay Hotel', '456 Meadowview Drive, Washington, D.C., USA 20001', 'gabriel.wright@brilliancebay.com', '202-555-0378'),
   (38, 'Lopez', 'Sophie', 'Sparkling Sands Hotel', '789 Orchard Lane, Seattle, WA, USA 98101', 'sophie.lopez@sparklingsands.com', '206-555-0389'), 
   (39, 'Hill', 'Benjamin', 'Radiant Reflections Hotel', '234 Forest Hill Road, Montreal, QC, Canada H2Z 1A9', 'benjamin.hill@radiantreflections.com', '514-555-0390'),
   (40,'Tremblay', 'Marie', 'Crystal Harbor Hotel', '101 Maple Avenue, Los Angeles,CA, USA 90201', 'marie.tremblay@crystalharbor.com', '213-555-1234'),
   (41,'Johnson', 'Emily', 'Horizon Heights Grand', '466 Birchwood Drive,Ottawa,ON, Canda K3P 8R0', 'emily.johnson@horizongrand.com', '613-555-5678'),
   (42,'Lavoie', 'Sophie', 'Sunrise Summit Hotel', '900 Forest Drive,Ottawa,ON,Canada K7P 7R1', 'sophie.lavoie@sunrise.com', '819-555-9876'),
   (43,'Smith', 'Michael', 'Horizon Heights Towers', '700 Pinecrest Boulevard,Toronto,ON,Canada M7Y 8H1', 'michael.smith@horizontowers.com', '416-555-3456'),
   (44,'Brown', 'David', 'Skyline View Hotel', '123 Oak Avenue,Portland,Oregon,USA 97201', 'david.brown@rskyline.com', '503-555-6789'),
   (45,'Taylor', 'Jessica', 'Summit Vista Resort', '789 Maple Drive, Austin, Texas, USA 78701', 'jessica.taylor@summit.com', '512-555-6789'),
   (46,'Anderson', 'Jennifer', 'Panorama Plaza Hotel', '101 Lakeview Ave, Seattle, WA, USA 98101', 'jennifer.anderson@lakesidelodge.com', '206-555-3456'),
   (47,'Williams', 'Ryan', 'Highview Hotel', '101 Pine Street, Seattle, Washington, USA 98101', 'ryan.williams@highview.com', '425-555-1234'),
   (48,'Jackson', 'Rachel', 'Sunset Hotel', '234 Cedar Lane, San Francisco, California, USA 94102', 'rachel.jackson@sunset.com', '415-555-6789'),
   (49,'Miller', 'Emily', 'Serenity Suites & spa', '890 Willow Way, Vancouver, British Columbia, Canada V6B 3E9', 'emily.miller@serenity.com', '604-555-7890');

   
INSERT INTO chambre(num_chambre, ID_hotel, Prix, Commodites, Capacite, Vue, Extensible, Problemes, Disponibilite, Superficie_m2, Description, Nom_hotel)
VALUES
   (1, 100, 200, 'WiFi, Air Conditioning', 1, 'City View', false, false, true, '20', 'A cozy room perfect for solo travelers.', 'Cystal Crown Hotel & Spa'),
   (2, 100, 300, 'WiFi, Air Conditioning, Minibar', 2, 'Garden View', false, false, true, '30', 'A comfortable double room with a view of the garden.', 'Cystal Crown Hotel & Spa'),
   (3, 100, 400, 'WiFi, Air Conditioning, Minibar, Balcony', 3, 'Sea View', true, false, true, '40', 'A spacious room with a balcony overlooking the sea.', 'Cystal Crown Hotel & Spa'),
   (4, 100, 500, 'WiFi, Air Conditioning, Minibar, Balcony, Jacuzzi', 4, 'Mountain View', true, false, true, '50', 'A luxurious room with jacuzzi and stunning mountain views.', 'Cystal Crown Hotel & Spa'),
   (5, 100, 600, 'WiFi, Air Conditioning, Minibar, Balcony, Jacuzzi, Kitchenette', 5, 'Panoramic City View', true, false, true, '60', 'A premium suite with all amenities and panoramic city views.', 'Cystal Crown Hotel & Spa'), 
   (6, 101, 250, 'WiFi, Air Conditioning', 1, 'City View', false, false, true, '25', 'Ideal for couples, with stunning city views.', 'Diamond Vista Hotel'),
   (7, 101, 350, 'WiFi, Air Conditioning, Minibar', 3, 'Garden View', false, false, true, '35', 'Perfect for small families, overlooking our beautiful gardens.', 'Diamond Vista Hotel'),
   (8, 101, 450, 'WiFi, Minibar, Balcony', 4, 'Sea View', true, false, true, '45', 'Spacious room with a sea-facing balcony.', 'Diamond Vista Hotel'),
   (9, 101, 550, 'WiFi, Jacuzzi', 2, 'Mountain View', false, false, true, '55', 'A romantic retreat with a private Jacuzzi and mountain views.', 'Diamond Vista Hotel'),
   (10, 101, 650, 'WiFi, Kitchenette, Jacuzzi, Balcony', 5, 'Panoramic View', true, false, true, '65', 'Our best suite with full amenities and panoramic views.', 'Diamond Vista Hotel'), 
   (11, 102, 220, 'WiFi, Air Conditioning', 1, 'Garden View', false, false, true, '22', 'Cozy and comfortable, perfect for solo travelers.', 'Crystal Crest Inn'), 
   (12, 102, 320, 'WiFi, Minibar', 3, 'City View', false, false, true, '32', 'A family room with breathtaking city sights.', 'Crystal Crest Inn'),
   (13, 102, 420, 'Balcony, Minibar, Jacuzzi', 2, 'Sea View', true, false, true, '42', 'Enjoy the sea breeze from your private balcony.', 'Crystal Crest Inn'),
   (14, 102, 520, 'WiFi, Kitchenette, Balcony', 4, 'Mountain View', true, false, true, '52', 'Feel at home with our kitchenette and stunning mountain views.', 'Crystal Crest Inn'), 
   (15, 102, 620, 'WiFi, Jacuzzi, Kitchenette, Balcony', 5, 'Panoramic City View', true, false, true, '62', 'Luxury suite with all you need for a memorable stay.', 'Crystal Crest Inn'),
   (16, 103, 230, 'WiFi', 1, 'City View', false, false, true, '23', 'A snug room with a beautiful view of the city lights.', 'Crown Jewel Hotel'),
   (17, 103, 330, 'WiFi, Air Conditioning, Minibar', 2, 'Garden View', false, false, true, '33', 'Double room with garden views, for a peaceful stay.', 'Crown Jewel Hotel'), 
   (18, 103, 430, 'WiFi, Balcony', 3, 'Sea View', true, false, true, '43', 'Wake up to the sound of waves, in our sea view room.', 'Crown Jewel Hotel'), 
   (19, 103, 530, 'Minibar, Jacuzzi', 4, 'Mountain View', false, false, true, '53', 'Mountain view room with a Jacuzzi for ultimate relaxation.', 'Crown Jewel Hotel'), 
   (20, 103, 630, 'WiFi, Kitchenette, Balcony, Jacuzzi', 5, 'Panoramic View', true, false, true, '63', 'Our premiere suite offering panoramic views and luxury amenities.', 'Crown Jewel Hotel'),
   (21, 104, 240, 'WiFi, Air Conditioning', 2, 'Park View', false, false, true, '24', 'A charming double room overlooking the park.', 'Emerald Crown Suites'),
   (22, 104, 340, 'WiFi, Balcony', 4, 'City View', true, false, true, '34', 'Family room with a spacious balcony and city views.', 'Emerald Crown Suites'),
   (23, 104, 440, 'Minibar, Jacuzzi', 3, 'Garden View', false, false, true, '44', 'Relax in our jacuzzi with serene garden views.', 'Emerald Crown Suites'),
   (24, 104, 540, 'Kitchenette, Balcony', 1, 'Sea View', true, false, true, '54', 'Solo traveler’s retreat with sea views.', 'Emerald Crown Suites'),
   (25, 104, 640, 'Jacuzzi, Kitchenette, Balcony', 5, 'Panoramic City View', true, false, true, '64', 'Top-tier suite with panoramic views and full amenities.', 'Emerald Crown Suites'), 
   (26, 105, 260, 'WiFi', 1, 'Courtyard View', false, false, true, '26', 'A cozy space with views of our quiet courtyard.', 'Sapphire Palace Hotel'), 
   (27, 105, 360, 'Air Conditioning, Minibar', 3, 'City View', false, false, true, '36', 'A triple room perfect for friends, featuring city views.', 'Sapphire Palace Hotel'),
   (28, 105, 460, 'Balcony', 2, 'Mountain View', true, false, true, '46', 'Enjoy the fresh air on your private balcony.', 'Sapphire Palace Hotel'),
   (29, 105, 560, 'Jacuzzi', 4, 'Sea View', false, false, true, '56', 'A spacious room with a sea view and a relaxing Jacuzzi.', 'Sapphire Palace Hotel'),
   (30, 105, 660, 'Kitchenette, Jacuzzi, Balcony', 5, 'Garden View', true, false, true, '66', 'Our finest suite, with a kitchenette and garden views.', 'Sapphire Palace Hotel'),
   (31, 106, 280, 'WiFi, Air Conditioning, Safe', 2, 'Urban View', false, false, true, '28', 'Modern room with urban views and top-notch security.', 'Crystal Cove Hotel'),
   (32, 106, 380, 'Minibar, Balcony', 3, 'Garden View', true, false, true, '38', 'A serene garden view room with a private balcony.', 'Crystal Cove Hotel'), 
   (33, 106, 480, 'Jacuzzi, Balcony', 1, 'Skyline View', false, false, true, '48', 'A luxurious single with skyline views and a Jacuzzi.', 'Crystal Cove Hotel'), 
   (34, 106, 580, 'Kitchenette', 4, 'Park View', true, false, true, '58', 'Family suite with a park view and a kitchenette.', 'Crystal Cove Hotel'),
   (35, 106, 680, 'Jacuzzi, Kitchenette, Balcony', 5, 'Sea View', true, false, true, '68', 'Our premium suite with a sea view, Jacuzzi, and kitchenette.', 'Crystal Cove Hotel'),
   (36, 107, 290, 'WiFi, Safe', 1, 'Harbor View', false, false, true, '29', 'Cozy single room with enchanting harbor views.', 'Crystal Harbor Hotel'),
   (37, 107, 390, 'Air Conditioning, Minibar', 2, 'City View', false, false, true, '39', 'Double room featuring vibrant city views.', 'Crystal Harbor Hotel'),
   (38, 107, 490, 'Balcony', 3, 'Mountain View', true, false, true, '49', 'Triple room with a stunning mountain panorama.', 'Crystal Harbor Hotel'), 
   (39, 107, 590, 'Jacuzzi', 4, 'Garden View', false, false, true, '59', 'Spacious room with a garden view and a relaxing Jacuzzi.', 'Crystal Harbor Hotel'), 
   (40, 107, 690, 'Kitchenette, Balcony', 5, 'Panoramic View', true, false, true, '69', 'Suite with panoramic views and all the comforts of home.', 'Crystal Harbor Hotel'),
   (41, 108, 300, 'WiFi, Minibar, Safe', 2, 'Downtown View', false, false, true, '30', 'Enjoy the heartbeat of the city with downtown views.', 'Horizon Heights Grand'),
   (42, 108, 400, 'Air Conditioning, Balcony', 3, 'Sea View', true, false, true, '40', 'Breathe in the sea air from your private balcony.', 'Horizon Heights Grand'), 
   (43, 108, 500, 'Jacuzzi', 1, 'Sky View', false, false, true, '50', 'Sky view single with a private Jacuzzi.', 'Horizon Heights Grand'),
   (44, 108, 600, 'Balcony, Kitchenette', 4, 'City View', true, false, true, '60', 'Family room with city views and a handy kitchenette.', 'Horizon Heights Grand'),
   (45, 108, 700, 'Jacuzzi, Kitchenette, Safe', 5, 'Garden View', true, false, true, '70', 'Our most luxurious suite, overlooking tranquil gardens.', 'Horizon Heights Grand'),
   (46, 109, 310, 'WiFi, Air Conditioning', 3, 'Sunrise View', false, false, true, '31', 'Wake up to breathtaking sunrises every morning.', 'Sunrise Summit Hotel'),
   (47, 109, 410, 'Minibar, Balcony', 2, 'Mountain View', true, false, true, '41', 'A cozy retreat with majestic mountain views.', 'Sunrise Summit Hotel'), 
   (48, 109, 510, 'Safe, Jacuzzi', 1, 'Garden View', false, false, true, '51', 'A luxurious single overlooking our lush gardens.', 'Sunrise Summit Hotel'),
   (49, 109, 610, 'Kitchenette, Balcony', 4, 'City View', true, false, true, '61', 'Spacious family suite with a stunning city panorama.', 'Sunrise Summit Hotel'), 
   (50, 109, 710, 'Jacuzzi, Kitchenette, Safe', 5, 'Sea View', true, false, true, '71', 'Experience ultimate luxury with our sea view suite.', 'Sunrise Summit Hotel'),
   (51, 110, 320, 'WiFi, Safe', 2, 'Tower View', false, false, true, '32', 'Double room with exclusive tower views.', 'Horizon Heights Towers'), 
   (52, 110, 420, 'Air Conditioning, Minibar, Balcony', 3, 'River View', true, false, true, '42', 'Triple room where you can gaze upon the river.', 'Horizon Heights Towers'), 
   (53, 110, 520, 'Jacuzzi, Safe', 1, 'City View', false, false, true, '52', 'Single with a Jacuzzi, perfect for city lovers.', 'Horizon Heights Towers'),
   (54, 110, 620, 'Kitchenette, Balcony', 4, 'Garden View', true, false, true, '62', 'Family-friendly suite with a view of the gardens.', 'Horizon Heights Towers'),
   (55, 110, 720, 'Jacuzzi, Kitchenette, Balcony', 5, 'Panoramic View', true, false, true, '72', 'Our premier suite offering panoramic delights.', 'Horizon Heights Towers'),
   (56, 111, 330, 'WiFi, Air Conditioning, Safe', 1, 'Skyline View', false, false, true, '33', 'Solo adventure with stunning skyline views.', 'Skyline View Hotel'),
   (57, 111, 430, 'Minibar, Balcony', 2, 'Park View', true, false, true, '43', 'Couple’s getaway overlooking the city park.', 'Skyline View Hotel'),
   (58, 111, 530, 'Balcony, Jacuzzi', 3, 'Sea View', false, false, true, '53', 'A serene sea view room with a private Jacuzzi.', 'Skyline View Hotel'), 
   (59, 111, 630, 'Kitchenette', 4, 'Mountain View', true, false, true, '63', 'Family suite with breathtaking mountain views.', 'Skyline View Hotel'), 
   (60, 111, 730, 'Jacuzzi, Kitchenette, Safe', 5, 'Urban View', true, false, true, '73', 'Experience urban living with all the luxuries.', 'Skyline View Hotel'),
   (61, 112, 340, 'WiFi, Safe', 1, 'Resort View', false, false, true, '34', 'Enjoy the full resort experience from your room.', 'Summit Vista Resort'),
   (62, 112, 440, 'Air Conditioning, Minibar', 2, 'Beachfront View', false, false, true, '44', 'A cozy room right on the beach.', 'Summit Vista Resort'),
   (63, 112, 540, 'Balcony', 3, 'Golf Course View', true, false, true, '54', 'Overlook our world-class golf course from your balcony.', 'Summit Vista Resort'), 
   (64, 112, 640, 'Jacuzzi', 4, 'Garden View', false, false, true, '64', 'A garden view room with a private Jacuzzi for relaxation.', 'Summit Vista Resort'),
   (65, 112, 740, 'Kitchenette, Jacuzzi, Balcony', 5, 'Panoramic Sea View', true, false, true, '74', 'Our finest suite with breathtaking sea views.', 'Summit Vista Resort'),
   (71, 113, 460, 'WiFi, Safe', 2, 'Urban View', false, false, true, '46', 'Stylish urban retreat for the modern traveler.', 'Panorama Plaza Hotel'), 
   (72, 113, 560, 'Air Conditioning, Balcony', 1, 'Park View', true, false, true, '56', 'Serene park views for a tranquil stay.', 'Panorama Plaza Hotel'),
   (73, 113, 660, 'Minibar, Jacuzzi', 3, 'Sea View', false, false, true, '66', 'Sea view room with a minibar and Jacuzzi.', 'Panorama Plaza Hotel'), 
   (74, 113, 760, 'WiFi, Kitchenette', 4, 'Mountain View', true, false, true, '76', 'Spacious suite with a kitchenette and mountain views.', 'Panorama Plaza Hotel'), 
   (75, 113, 860, 'Balcony, Jacuzzi, Kitchenette', 5, 'City View', true, false, true, '86', 'Top-floor suite with all the luxuries for a memorable stay.', 'Panorama Plaza Hotel'),
   (76, 114, 470, 'WiFi, Air Conditioning', 1, 'Highview', false, false, true, '47', 'Elevated views from the heart of the city.', 'Highview Hotel'), 
   (77, 114, 570, 'Minibar, Safe', 3, 'Garden View', true, false, true, '57', 'A tranquil oasis with beautiful garden views.', 'Highview Hotel'), 
   (78, 114, 670, 'Balcony, Air Conditioning', 2, 'Skyline View', false, false, true, '67', 'Sky-high comfort with stunning skyline views.', 'Highview Hotel'),
   (79, 114, 770, 'Jacuzzi, Minibar', 4, 'Sea View', true, false, true, '77', 'Unwind in your private Jacuzzi with sea views.', 'Highview Hotel'), 
   (80, 114, 870, 'Kitchenette, Balcony, Jacuzzi', 5, 'Panoramic View', true, false, true, '87', 'The ultimate suite with panoramic views and supreme comfort.', 'Highview Hotel'), 
   (81, 115, 480, 'WiFi, Balcony', 2, 'Sunset View', false, false, true, '48', 'Watch the sunset from your private balcony.', 'Sunset Hotel'),
   (82, 115, 580, 'Air Conditioning, Safe', 1, 'Garden View', true, false, true, '58', 'A cozy garden view room for a peaceful retreat.', 'Sunset Hotel'), 
   (83, 115, 680, 'Minibar, Jacuzzi', 3, 'Mountain View', false, false, true, '68', 'Mountain view room with modern comforts.', 'Sunset Hotel'),
   (84, 115, 780, 'WiFi, Kitchenette', 4, 'Sea View', true, false, true, '78', 'Family suite with sea views and a kitchenette.', 'Sunset Hotel'),
   (85, 115, 880, 'Balcony, Kitchenette, Jacuzzi', 5, 'City View', true, false, true, '88', 'City view penthouse with all amenities for luxury living.', 'Sunset Hotel'),
   (86, 116, 490, 'WiFi, Air Conditioning, Minibar', 1, 'Spa View', false, false, true, '49', 'Relax with views of our world-class spa.', 'Serenity Suites & Spa'), 
   (87, 116, 590, 'Balcony, Safe', 2, 'Garden View', true, false, true, '59', 'A private balcony overlooks tranquil gardens.', 'Serenity Suites & Spa'), 
   (88, 116, 690, 'Jacuzzi', 3, 'Sea View', false, false, true, '69', 'A seaside retreat with your own Jacuzzi.', 'Serenity Suites & Spa'), 
   (89, 116, 790, 'Kitchenette, Balcony', 4, 'Mountain View', true, false, true, '79', 'A mountaintop escape with all the comforts of home.', 'Serenity Suites & Spa'), 
   (90, 116, 890, 'Minibar, Jacuzzi, Balcony', 5, 'Panoramic Sea View', true, false, true, '89', 'Our premiere suite with sweeping sea views and luxury amenities.', 'Serenity Suites & Spa'),
   (91, 117, 500, 'WiFi, Safe', 1, 'Oasis View', false, false, true, '50', 'Your own tranquil oasis with serene views.', 'Tranquil Oasis Hotel'), 
   (92, 117, 600, 'Air Conditioning, Minibar', 2, 'Desert View', true, false, true, '60', 'Experience the beauty of the desert from your room.', 'Tranquil Oasis Hotel'), 
   (93, 117, 700, 'Balcony, Jacuzzi', 3, 'Garden View', false, false, true, '70', 'A lush garden view room with private Jacuzzi.', 'Tranquil Oasis Hotel'), 
   (94, 117, 800, 'Kitchenette, Safe', 4, 'Mountain View', true, false, true, '80', 'A cozy mountain view retreat with kitchenette.', 'Tranquil Oasis Hotel'), 
   (95, 117, 900, 'Minibar, Balcony, Jacuzzi', 5, 'Panoramic View', true, false, true, '90', 'Panoramic views with all the luxuries for a perfect stay.', 'Tranquil Oasis Hotel'), 
   (96, 118, 510, 'WiFi, Air Conditioning, Balcony', 2, 'Sunset View', false, false, true, '51', 'Enjoy stunning sunset views every evening.', 'Sunset Serenity Suites'),
   (97, 118, 610, 'Minibar, Safe', 1, 'Courtyard View', true, false, true, '61', 'A tranquil courtyard view for a restful stay.', 'Sunset Serenity Suites'), 
   (98, 118, 710, 'Jacuzzi, Balcony', 3, 'Sea View', false, false, true, '71', 'Soothing sea views and a private Jacuzzi for relaxation.', 'Sunset Serenity Suites'), 
   (99, 118, 810, 'WiFi, Kitchenette', 4, 'Garden View', true, false, true, '81', 'A spacious garden view suite with modern amenities.', 'Sunset Serenity Suites'), 
   (100, 118, 910, 'Minibar, Jacuzzi, Balcony', 5, 'Panoramic Mountain View', true, false, true, '91', 'The ultimate retreat with panoramic mountain views.', 'Sunset Serenity Suites'), 
   (101, 119, 520, 'WiFi, Balcony', 1, 'Lake View', false, false, true, '52', 'Serene lake views for a peaceful retreat.', 'Calm Waters Hotel'),
   (102, 119, 620, 'Air Conditioning, Minibar', 2, 'Garden View', true, false, true, '62', 'A refreshing garden view room with modern amenities.', 'Calm Waters Hotel'), 
   (103, 119, 720, 'Jacuzzi, Safe', 3, 'City View', false, false, true, '72', 'Enjoy the bustling city scene from your luxurious room.', 'Calm Waters Hotel'), 
   (104, 119, 820, 'Kitchenette, Balcony', 4, 'Mountain View', true, false, true, '82', 'A spacious suite with majestic mountain views.', 'Calm Waters Hotel'), 
   (105, 119, 920, 'Minibar, Jacuzzi, Balcony', 5, 'Panoramic View', true, false, true, '92', 'Our premier suite with sweeping panoramic views.', 'Calm Waters Hotel'), 
   (106, 120, 530, 'WiFi, Air Conditioning', 2, 'Bay View', false, false, true, '53', 'Wake up to beautiful bay views each morning.', 'Blissful Bay Suites'), 
   (107, 120, 630, 'Balcony, Minibar', 1, 'Beachfront', true, false, true, '63', 'Private beachfront balcony for sunsets.', 'Blissful Bay Suites'), 
   (108, 120, 730, 'Safe, Jacuzzi', 3, 'Garden View', false, false, true, '73', 'A garden oasis with a private Jacuzzi.', 'Blissful Bay Suites'), 
   (109, 120, 830, 'Kitchenette, Balcony', 4, 'Sea View', true, false, true, '83', 'Family suite right on the sea, with all you need.', 'Blissful Bay Suites'), 
   (110, 120, 930, 'Jacuzzi, Kitchenette, Balcony', 5, 'City View', true, false, true, '93', 'Top tier comfort with a cityscape backdrop.', 'Blissful Bay Suites'), 
   (111, 121, 540, 'WiFi, Safe', 1, 'Courtyard View', false, false, true, '54', 'A quiet courtyard to call your own.', 'Peaceful Retreat Hotel'),
   (112, 121, 640, 'Air Conditioning, Balcony', 2, 'Rooftop View', true, false, true, '64', 'Overlook the city from our exclusive rooftop.', 'Peaceful Retreat Hotel'), 
   (113, 121, 740, 'Minibar, Jacuzzi', 3, 'Forest View', false, false, true, '74', 'Your window to the forest’s tranquility.', 'Peaceful Retreat Hotel'), 
   (114, 121, 840, 'Kitchenette, Safe', 4, 'River View', true, false, true, '84', 'A serene river view with the comforts of home.', 'Peaceful Retreat Hotel'), 
   (115, 121, 940, 'Balcony, Jacuzzi, Kitchenette', 5, 'Panoramic Skyline View', true, false, true, '94', 'Elevate your stay with skyline views.', 'Peaceful Retreat Hotel'), 
   (116, 122, 550, 'WiFi, Jacuzzi', 2, 'Park View', false, false, true, '55', 'Unwind with a view, in your personal Jacuzzi.', 'Serene Hotel'), 
   (117, 122, 650, 'Balcony, Air Conditioning', 1, 'Garden View', true, false, true, '65', 'A solo haven overlooking lush gardens.', 'Serene Hotel'), 
   (118, 122, 750, 'Safe, Minibar', 3, 'Waterfront View', false, false, true, '75', 'The essence of waterfront living, with luxury touches.', 'Serene Hotel'), 
   (119, 122, 850, 'Kitchenette, Balcony', 4, 'City View', true, false, true, '85', 'A city view suite that feels like home.', 'Serene Hotel'), 
   (120, 122, 950, 'Jacuzzi, Kitchenette, Safe', 5, 'Mountain View', true, false, true, '95', 'Soak in the view with top-of-the-line amenities.', 'Serene Hotel'), 
   (121, 123, 560, 'WiFi, Balcony', 1, 'City View', false, false, true, '56', 'The perfect urban escape for one.', 'Harmony Hotel'), 
   (122, 123, 660, 'Air Conditioning, Safe', 2, 'Sea View', true, false, true, '66', 'Couple’s getaway with stunning sea views.', 'Harmony Hotel'),
   (123, 123, 760, 'Minibar, Jacuzzi', 3, 'Garden View', false, false, true, '76', 'A garden view room with a touch of luxury.', 'Harmony Hotel'), 
   (124, 123, 860, 'Kitchenette, Balcony', 4, 'Skyline View', true, false, true, '86', 'Sky-high living with all the conveniences.', 'Harmony Hotel'), 
   (125, 123, 960, 'Jacuzzi, Kitchenette, Balcony', 5, 'Panoramic View', true, false, true, '96', 'Our signature suite with unmatched views and amenities.', 'Harmony Hotel'), 
   (126, 124, 570, 'WiFi, Safe', 2, 'Stellar View', false, false, true, '57', 'A room with a view, where the stars align.', 'Stellar Stay Hotel & Suites'), 
   (127, 124, 670, 'Balcony, Air Conditioning', 1, 'Cosmic View', true, false, true, '67', 'Your personal observatory to the cosmos.', 'Stellar Stay Hotel & Suites'), 
   (128, 124, 770, 'Minibar, Jacuzzi', 3, 'Space View', false, false, true, '77', 'Luxury and infinity, where space meets comfort.', 'Stellar Stay Hotel & Suites'), 
   (129, 124, 870, 'Kitchenette, Safe', 4, 'Galactic View', true, false, true, '87', 'A galactic adventure from the comfort of your room.', 'Stellar Stay Hotel & Suites'), 
   (130, 124, 970, 'Jacuzzi, Kitchenette, Balcony', 5, 'Universal View', true, false, true, '97', 'The universe at your doorstep, in our finest suite.', 'Stellar Stay Hotel & Suites'), 
   (131, 125, 580, 'WiFi, Air Conditioning', 1, 'Downtown View', false, false, true, '58', 'Experience the vibrant downtown from your cozy retreat.', 'Starlight Stay Hotel'), 
   (132, 125, 680, 'Balcony, Minibar', 2, 'Harbor View', true, false, true, '68', 'Harbor views complemented by top-notch amenities.', 'Starlight Stay Hotel'), 
   (133, 125, 780, 'Jacuzzi, Safe', 3, 'Park View', false, false, true, '78', 'Relax in the Jacuzzi while enjoying the serene park scenery.', 'Starlight Stay Hotel'),
   (134, 125, 880, 'Kitchenette, Balcony', 4, 'Cityscape View', true, false, true, '88', 'A spacious suite with breathtaking cityscape views.', 'Starlight Stay Hotel'), 
   (135, 125, 980, 'Minibar, Jacuzzi, Balcony', 5, 'Panoramic Night Sky View', true, false, true, '98', 'Luxury suite where the night sky comes alive.', 'Starlight Stay Hotel'), 
   (136, 126, 590, 'WiFi, Safe', 2, 'Astral View', false, false, true, '59', 'A room with astral charm and cozy furnishings.', 'Celestial Hotel'), 
   (137, 126, 690, 'Air Conditioning, Balcony', 1, 'Cosmic Garden View', true, false, true, '69', 'Your private lookout to our cosmic-themed garden.', 'Celestial Hotel'), 
   (138, 126, 790, 'Minibar, Jacuzzi', 3, 'Stellar View', false, false, true, '79', 'Stellar views and comfort, for a perfect night’s rest.', 'Celestial Hotel'), 
   (139, 126, 890, 'Kitchenette, Safe', 4, 'Galaxy View', true, false, true, '89', 'Family suite with galaxy views, feels like another world.', 'Celestial Hotel'), 
   (140, 126, 990, 'Jacuzzi, Kitchenette, Balcony', 5, 'Interstellar View', true, false, true, '99', 'Interstellar luxury with all you could wish for.', 'Celestial Hotel'), 
   (141, 127, 600, 'WiFi, Balcony', 1, 'Skyline View', false, false, true, '60', 'Sky-high escape with stunning skyline vistas.', 'Stellar Skies Hotel'), 
   (142, 127, 700, 'Air Conditioning, Minibar', 2, 'River View', true, false, true, '70', 'Relax with tranquil river views and deluxe amenities.', 'Stellar Skies Hotel'), 
   (143, 127, 800, 'Safe, Jacuzzi', 3, 'High Garden View', false, false, true, '80', 'Enjoy our high garden from your private Jacuzzi.', 'Stellar Skies Hotel'), 
   (144, 127, 900, 'Kitchenette, Balcony', 4, 'Panoramic City View', true, false, true, '90', 'A panoramic city view suite for the ultimate experience.', 'Stellar Skies Hotel'), 
   (145, 127, 1000, 'Minibar, Jacuzzi, Balcony', 5, 'Cosmic View', true, false, true, '100', 'Unmatched luxury with expansive cosmic views.', 'Stellar Skies Hotel'), 
   (146, 128, 610, 'WiFi, Safe', 2, 'Urban Oasis View', false, false, true, '61', 'An urban oasis in the heart of the city.', 'Galaxy Grand Hotel'), 
   (147, 128, 710, 'Balcony, Air Conditioning', 1, 'Courtyard Serenity', true, false, true, '71', 'Find serenity in our lush courtyard from your balcony.', 'Galaxy Grand Hotel'), 
   (148, 128, 810, 'Minibar, Safe', 3, 'Downtown Sparkle', false, false, true, '81', 'Dazzling downtown views meet exquisite comfort.', 'Galaxy Grand Hotel'), 
   (149, 128, 910, 'Jacuzzi, Kitchenette', 4, 'Stargazer’s Delight', true, false, true, '91', 'A stargazer’s delight with top-notch amenities.', 'Galaxy Grand Hotel'), 
   (150, 128, 1010, 'Kitchenette, Jacuzzi, Balcony', 5, 'Galactic Panorama', true, false, true, '101', 'The ultimate retreat with galactic panorama views.', 'Galaxy Grand Hotel'), 
   (151, 129, 620, 'WiFi, Air Conditioning', 1, 'Metropolitan View', false, false, true, '62', 'Modern comfort with a view of the bustling metropolis.', 'Cosmos Comfort Hotel'), 
   (152, 129, 720, 'Balcony, Minibar', 2, 'Tranquil Park View', true, false, true, '72', 'A tranquil retreat overlooking the park.', 'Cosmos Comfort Hotel'), 
   (153, 129, 820, 'Jacuzzi, Safe', 3, 'Cosmos View', false, false, true, '82', 'A room that reaches for the stars with its cosmos view.', 'Cosmos Comfort Hotel'), 
   (154, 129, 920, 'Kitchenette, Balcony', 4, 'Urban Landscape', true, false, true, '92', 'The urban landscape unfolds from your private balcony.', 'Cosmos Comfort Hotel'), 
   (155, 129, 1020, 'Minibar, Jacuzzi, Balcony', 5, 'Celestial Horizon', true, false, true, '102', 'Bask in the celestial horizon from this luxurious suite.', 'Cosmos Comfort Hotel'), 
   (156, 130, 630, 'WiFi, Safe', 1, 'Aurora Borealis View', false, false, true, '63', 'Witness the Aurora Borealis from the comfort of your room.', 'Aurora Avenue Hotel'), 
   (157, 130, 730, 'Air Conditioning, Balcony', 2, 'Mountain Majesty', true, false, true, '73', 'Mountain majesty meets modern luxury.', 'Aurora Avenue Hotel'), 
   (158, 130, 830, 'Minibar, Jacuzzi', 3, 'Lakeside Leisure', false, false, true, '83', 'Lakeside leisure with all the comforts of modern living.', 'Aurora Avenue Hotel'), 
   (159, 130, 930, 'Kitchenette, Safe', 4, 'City Nightlights', true, false, true, '93', 'The city nightlights sparkle just for you.', 'Aurora Avenue Hotel'), 
   (160, 130, 1030, 'Jacuzzi, Kitchenette, Balcony', 5, 'Panoramic Peaks', true, false, true, '103', 'Panoramic peaks viewed from your private luxury suite.', 'Aurora Avenue Hotel'), 
   (161, 131, 640, 'WiFi, Balcony', 2, 'Historic District', false, false, true, '64', 'A gateway to the historic district from your balcony.', 'Stellar Shine Hotel'), 
   (162, 131, 740, 'Air Conditioning, Minibar', 1, 'Seaside Serenity', true, false, true, '74', 'Seaside serenity meets contemporary comfort.', 'Stellar Shine Hotel'), 
   (163, 131, 840, 'Safe, Jacuzzi', 3, 'Garden Splendor', false, false, true, '84', 'Garden splendor with the luxury of a private Jacuzzi.', 'Stellar Shine Hotel'), 
   (164, 131, 940, 'Kitchenette, Balcony', 4, 'Rooftop Retreat', true, false, true, '94', 'Your own rooftop retreat with sweeping views.', 'Stellar Shine Hotel'), 
   (165, 131, 1040, 'Minibar, Jacuzzi, Balcony', 5, 'Skyline Splendor', true, false, true, '104', 'Skyline splendor from the pinnacle of luxury.', 'Stellar Shine Hotel'), 
   (166, 132, 650, 'WiFi, Safe', 1, 'Spa Views', false, false, true, '65', 'Unwind with views of our world-class spa.', 'Radiant Hotel & Spa'), 
   (167, 132, 750, 'Balcony, Air Conditioning', 2, 'Botanical Gardens', true, false, true, '75', 'Breath in the tranquility of botanical gardens.', 'Radiant Hotel & Spa'), 
   (168, 132, 850, 'Minibar, Jacuzzi', 3, 'Waterfall Serenade', false, false, true, '85', 'The gentle serenade of waterfalls from your room.', 'Radiant Hotel & Spa'), 
   (169, 132, 950, 'Kitchenette, Safe', 4, 'Mountain Vista', true, false, true, '95', 'Awe-inspiring mountain vistas meet luxurious living.', 'Radiant Hotel & Spa'), 
   (170, 132, 1050, 'Jacuzzi, Kitchenette, Balcony', 5, 'Urban Panorama', true, false, true, '105', 'An urban panorama from the height of luxury.', 'Radiant Hotel & Spa'), 
   (171, 133, 660, 'WiFi, Balcony', 1, 'Sunrise View', false, false, true, '66', 'Catch the first rays of sunshine in this cozy suite.', 'Sunshine Suites'), 
   (172, 133, 760, 'Air Conditioning, Safe', 2, 'Ocean Front', true, false, true, '76', 'Ocean front views for a tranquil retreat.', 'Sunshine Suites'), 
   (173, 133, 860, 'Minibar, Jacuzzi', 3, 'Tropical Garden', false, false, true, '86', 'Surrounded by lush tropical gardens.', 'Sunshine Suites'),
   (174, 133, 960, 'Kitchenette, Safe', 4, 'City Lights', true, false, true, '96', 'Bright city lights illuminate your stay.', 'Sunshine Suites'), 
   (175, 133, 1060, 'Jacuzzi, Kitchenette, Balcony', 5, 'Panoramic Ocean View', true, false, true, '106', 'Breathtaking panoramic ocean views from the top.', 'Sunshine Suites'), 
   (176, 134, 670, 'WiFi, Air Conditioning', 2, 'Golden Hour View', false, false, true, '67', 'Experience the golden hour from your private balcony.', 'Golden Glow Hotel'), 
   (177, 134, 770, 'Balcony, Minibar', 1, 'Desert Mirage', true, false, true, '77', 'A mirage of comfort in the heart of the desert.', 'Golden Glow Hotel'), 
   (178, 134, 870, 'Safe, Jacuzzi', 3, 'Oasis View', false, false, true, '87', 'Your personal oasis with all the luxury amenities.', 'Golden Glow Hotel'), 
   (179, 134, 970, 'Kitchenette, Balcony', 4, 'Metropolitan Majesty', true, false, true, '97', 'Overlook the metropolitan majesty from your suite.', 'Golden Glow Hotel'), 
   (180, 134, 1070, 'Minibar, Jacuzzi, Safe', 5, 'Skyward Bound', true, false, true, '107', 'Skyward bound views in our most luxurious suite.', 'Golden Glow Hotel'), 
   (181, 135, 680, 'WiFi, Safe', 1, 'Gleaming Gardens', false, false, true, '68', 'A tranquil view of the gleaming gardens.', 'Gleaming Hotel'), 
   (182, 135, 780, 'Air Conditioning, Balcony', 2, 'Waterfront Bliss', true, false, true, '78', 'Waterfront bliss with all the modern comforts.', 'Gleaming Hotel'), 
   (183, 135, 880, 'Minibar, Jacuzzi', 3, 'Urban Oasis', false, false, true, '88', 'An urban oasis in the bustling cityscape.', 'Gleaming Hotel'), 
   (184, 135, 980, 'Kitchenette, Safe', 4, 'Riverside Serenity', true, false, true, '98', 'Riverside serenity with the convenience of a kitchenette.', 'Gleaming Hotel'), 
   (185, 135, 1080, 'Balcony, Jacuzzi, Kitchenette', 5, 'Panoramic Heights', true, false, true, '108', 'Elevated luxury with panoramic heights.', 'Gleaming Hotel'), 
   (186, 136, 690, 'WiFi, Balcony', 2, 'Luminous Lagoon', false, false, true, '69', 'Wake up to the view of the luminous lagoon.', 'Luminous Hotel'), 
   (187, 136, 790, 'Air Conditioning, Minibar', 1, 'Cascading Waterfalls', true, false, true, '79', 'The soothing sound of cascading waterfalls.', 'Luminous Hotel'), 
   (188, 136, 890, 'Safe, Jacuzzi', 3, 'Hidden Valley', false, false, true, '89', 'Discover the secret of the hidden valley.', 'Luminous Hotel'), 
   (189, 136, 990, 'Kitchenette, Safe', 4, 'Mountain Echoes', true, false, true, '99', 'Listen to the mountain echoes from your room.', 'Luminous Hotel'), 
   (190, 136, 1090, 'Jacuzzi, Kitchenette, Balcony', 5, 'Starry Night', true, false, true, '109', 'A starry night view that’s truly unforgettable.', 'Luminous Hotel'), 
   (191, 137, 700, 'WiFi, Safe', 1, 'Bay Breeze', false, false, true, '70', 'Feel the bay breeze from your peaceful room.', 'Brilliance Bay Hotel'), 
   (192, 137, 800, 'Balcony, Air Conditioning', 2, 'Sapphire Seas', true, false, true, '80', 'Overlook the sapphire seas for a serene stay.', 'Brilliance Bay Hotel'), 
   (193, 137, 900, 'Minibar, Jacuzzi', 3, 'Tropical Paradise', false, false, true, '90', 'Your own slice of tropical paradise.', 'Brilliance Bay Hotel'), 
   (194, 137, 1000, 'Kitchenette, Balcony', 4, 'Downtown Lights', true, false, true, '100', 'The downtown lights sparkle below.', 'Brilliance Bay Hotel'), 
   (195, 137, 1100, 'Jacuzzi, Kitchenette, Safe', 5, 'Horizon Line', true, false, true, '110', 'Uninterrupted views of the horizon line.', 'Brilliance Bay Hotel'), 
   (196, 138, 710, 'WiFi, Balcony', 2, 'Sparkling Sands', false, false, true, '71', 'The sands sparkle just outside your door.', 'Sparkling Sands Hotel'),
   (197, 138, 810, 'Air Conditioning, Safe', 1, 'Ocean Whisper', true, false, true, '81', 'Listen to the ocean whisper your name.', 'Sparkling Sands Hotel'), 
   (198, 138, 910, 'Minibar, Jacuzzi', 3, 'Palm Serenity', false, false, true, '91', 'Palm serenity for a restful experience.', 'Sparkling Sands Hotel'), 
   (199, 138, 1010, 'Kitchenette, Jacuzzi', 4, 'Sunset Glow', true, false, true, '101', 'The sunset glow fills your room with warmth.', 'Sparkling Sands Hotel'), 
   (200, 138, 1110, 'Balcony, Kitchenette, Safe', 5, 'Infinite Blue', true, false, true, '111', 'Infinite blue horizons for a majestic stay.', 'Sparkling Sands Hotel'), 
   (201, 139, 720, 'WiFi, Air Conditioning', 1, 'Garden Mirrors', false, false, true, '72', 'The garden mirrors nature’s true beauty.', 'Radiant Reflections Hotel'), 
   (202, 139, 820, 'Balcony, Minibar', 2, 'Reflecting Pool', true, false, true, '82', 'A view of the serene reflecting pool.', 'Radiant Reflections Hotel'), 
   (203, 139, 920, 'Safe, Jacuzzi', 3, 'City’s Reflection', false, false, true, '92', 'The city’s reflection lights up your night.', 'Radiant Reflections Hotel'), 
   (204, 139, 1020, 'Kitchenette, Safe', 4, 'Mountain Mornings', true, false, true, '102', 'Wake up to glorious mountain mornings.', 'Radiant Reflections Hotel'), 
   (205, 139, 1120, 'Jacuzzi, Kitchenette, Balcony', 5, 'Sky Reflections', true, false, true, '112', 'Sky reflections in your private oasis.', 'Radiant Reflections Hotel');
	
INSERT INTO role(id_role,nom_role,description,salaire)
VALUES
(1000,'Réceptionniste','Accueil des clients, de la gestion des réservations et des locations.', 2500.00),
(1001,'Concierge','Entretien et de nettoyage des chambres.', 3000.00),
(1002,'Chef cuisinier', 'Responsable de la cuisine, de la préparation des repas et de la gestion de la brigade de cuisine.', 3500.00),
(1003,'Agent de sécurité', 'Assure la sécurité des clients, du personnel et des installations', 2800.00),
(1004,'Directeur des ventes', 'Responsable du développement des stratégies de vente et de la promotion des services', 4000.00);


INSERT INTO employee(nas_employee,id_role,nom,prenom,adresse,num_tel,nom_hotel)
VALUES
(111111111, 1000, 'Dupont', 'Jean', '123 Elm St, New York, NY, USA 1000', '212-333-4444', 'Cystal Crown Hotel & Spa'),
(222222222, 1000, 'Durand', 'Marie', '456 King St, New York, NY, USA 5512', '212-444-5555', 'Diamond Vista Hotel'),
(333333333, 1000, 'Leblanc', 'Pierre', '789 Queen St, Ottawa, ON, Canada K4P 6R8', '613-555-6666', 'Crystal Crest Inn'),
(444444444, 1000, 'Lefebvre', 'Sophie', '101 Maple St, Los Angeles, CA, USA 90200', '213-666-7777', 'Crown Jewel Hotel'),
(555555555, 1000, 'Gagnon', 'Jacques', '123 Pine St, Montréal, QC, Canada G1R 4P8', '514-777-8888', 'Emerald Crown Suites'),
(666666666, 1000, 'Tremblay', 'Isabelle', '456 Crown St, Chicago, IL, USA 66577', '312-888-9999', 'Sapphire Palace Hotel'),
(777777777, 1000, 'Roy', 'Nathalie', '500 Cedar Road, Toronto, ON, Canada M3Y 3H7', '416-111-2222', 'Crystal Cove Hotel'),
(888888888, 1000, 'Bouchard', 'Gilles', '620 Blossom Drive,Vancouver, British Columbia, Canada V8C 4E7', '604-555-0100', 'Tranquil Oasis Hotel'),
(404040404, 1000, 'Dufour', 'Louis', '568 Birch Avenue, Toronto, Ontario, Canada M5H 2N2', '416-678-9012', 'Sunset Serenity Suites'),
(999999999, 1000, 'Caron', 'Luc', '1234 Juniper Road, Montreal, QC, Canada H3B 2Y7', '514-888-9999', 'Calm Waters Hotel'),
(101010101, 1000, 'Michaud', 'Sylvie', '5679 Sycamore Court, New York, NY, USA 10001', '212-999-0000', 'Blissful Bay Suites'),
(333311111, 1000, 'Girard', 'Daniel', '9013 Cherry Lane, Los Angeles, CA, USA 90001', '213-222-3333', 'Peaceful Retreat Hotel'),
(121212121, 1000, 'Lavoie', 'Claudette', '344 Ivy Street, Chicago, IL, USA 60601', '312-333-4444', 'Serene Hotel'),
(131313131, 1000, 'Leclerc', 'Michel', '670 Cypress Avenue, Miami, FL, USA 33101', '305-444-5555', 'Harmony Hotel'),
(141414141, 1000, 'Morin', 'Denise', '900 Hunter Drive, Houston, TX, USA 77002', '713-555-6666', 'Stellar Stay Hotel & Suites'),
(151515151, 1000, 'Fortin', 'André', '610 Magnolia Drive, Houston, TX, USA 77009', '713-666-7777', 'Starlight Stay Hotel'),
(161616161, 1000, 'Lévesque', 'Louise', '560 Aspen Street, Ottawa, ON, Canada K1P 1A4', '613-777-8888', 'Celestial Hotel'),
(171717171, 1000, 'Bergeron', 'Marc', '892 Brookside Boulevard, Philadelphia, PA, USA 19101', '215-888-9999', 'Stellar Skies Hotel'),
(181818181, 1000, 'Lafontaine', 'Marie-Pierre', '121 Harbor View Ave, San Diego, CA, USA 92101', '619-999-0000', 'Galaxy Grand Hotel'),
(191919191, 1000, 'Gaudreault', 'Jean-François', '455 Ocean Drive, Montreal, QC, Canada H2Y 1A6', '514-123-4567', 'Cosmos Comfort Hotel'),
(202020202, 1000, 'Lemieux', 'Isabelle', '780 Lakeside Road, Calgary, AB, Canada T2P 2M5', '403-234-5678', 'Aurora Avenue Hotel'),
(212121212, 1000, 'Bertrand', 'Mathieu', '102 Park Avenue, Boston, MA, USA 02108', '617-345-6789', 'Stellar Shine Hotel'),
(223322222, 1000, 'Gagné', 'Émilie',  '891 Woodland Court, Toronto, ON, Canada M5J 2E3', '416-456-7890', 'Radiant Hotel & Spa'),
(232323232, 1000, 'Dufour', 'François', '906 Oak Street, Toronto, ON, Canada M8J 3E9', '416-567-8901', 'Sunshine Suites'),
(242424242, 1000, 'Lavoie', 'Catherine', '230 Hillcrest Street, Dallas, TX, USA 75201', '214-678-9012', 'Golden Glow Hotel'),
(252525252, 1000, 'Roy', 'Guillaume', '566 Riverdale Lane, Vancouver, BC, Canada V6C 2X6', '604-890-1234', 'Gleaming Hotel'),
(262626262, 1000, 'Perron', 'Josée', '122 Greenbriar Way, Phoenix, AZ, USA 85001', '602-901-2345', 'Luminous Hotel'),
(272727272, 1000, 'Dion', 'Louis', '455 Meadowview Drive, Washington, D.C., USA 20001', '202-912-3456', 'Brilliance Bay Hotel'),
(282828282, 1000, 'Côté', 'Suzanne', '780 Orchard Lane, Seattle, WA, USA 98101', '206-234-5678', 'Sparkling Sands Hotel'),
(292929292, 1000, 'Bouchard', 'Martin', '233 Forest Hill Road, Montreal, QC, Canada H2Z 1A9', '514-345-6789', 'Radiant Reflections Hotel'),
(303030303, 1000, 'Leblanc', 'Isabelle', '100 Maple Avenue, Los Angeles,CA, USA 90201', '213-456-7890', 'Crystal Harbor Hotel'),
(313131313, 1000, 'Fortier', 'Patrick', '465 Birchwood Drive,Ottawa,ON, Canda K3P 8R0', '613-567-8901', 'Horizon Heights Grand'),
(323232323, 1000, 'Lavoie', 'Sophie', '901 Forest Drive,Ottawa,ON,Canada K7P 7R1', '819-678-9012', 'Sunrise Summit Hotel'),
(300033333, 1000, 'Gauthier', 'Chantal', '702 Pinecrest Boulevard,Toronto,ON,Canada M7Y 8H1', '416-789-0123', 'Horizon Heights Towers'),
(343434343, 1000, 'Morin', 'Luc', '124 Oak Avenue,Portland,Oregon,USA 97201', '503-901-2345', 'Skyline View Hotel'),
(353535353, 1000, 'Bergeron', 'Carole', '783 Maple Drive, Austin, Texas, USA 78701', '512-912-3456', 'Summit Vista Resort'),
(363636363, 1000, 'Dumont', 'Éric', '100 Lakeview Ave, Seattle, WA, USA 98101', '206-923-4567', 'Panorama Plaza Hotel'),
(373737373, 1000, 'Lemieux', 'Céline', '105 Pine Street, Seattle, Washington, USA 98101', '425-345-6789', 'Highview Hotel'),
(383838383, 1000, 'Bertrand', 'Patrick', '230 Cedar Lane, San Francisco, California, USA 94102', '415-456-7890', 'Sunset Hotel'),
(393939393, 1000, 'Cote', 'Sylvie', '893 Willow Way, Vancouver, British Columbia, Canada V6B 3E9', '604-567-8901', 'Serenity Suites & spa');

INSERT INTO client(nas_client,nom,prenom,age,adresse,num_tel,date_enregistrement,email)
VALUES
   (999911111, 'Dubois', 'Sophie', 35, '200 Willow Way, Vancouver, British Columbia, Canada V5B 8E9', '604-123-4567', CURRENT_DATE,'dubois.sophie@contact.com'),
   (999922222, 'Tremblay', 'Jean', 45, '555 Main Street, New York, NY, USA 10091', '212-234-5678', CURRENT_DATE,'tremblay.jean@contact.com'),
   (999933333, 'Gagnon', 'Marie', 28, '433 Oak Avenue, Los Angeles, CA, USA 90041', '213-345-6789', CURRENT_DATE,'gagnon.marie@contact.com'),
   (999944444, 'Lavoie', 'Pierre', 50, '777 Elm Street, Toronto, ON, Canada M0J 2E5', '416-456-7890', CURRENT_DATE,'lavoie.pierre@contact.com'),
   (999955555, 'Fortin', 'Isabelle', 40, '111 Maple Avenue, Austin, TX, USA 77701', '512-567-8901', CURRENT_DATE,'fortin.isabelle@contact.com');

INSERT INTO reservation(id_reservation,num_chambre,nas_client,date_reservation,date_arrivee,date_depart,statut)
VALUES
   (00,1,999911111,'2024-05-15','2024-05-16','2024-05-20','confirmed'),
   (01,7,999922222,'2024-05-13','2024-05-14','2024-05-18','confirmed');
   
INSERT INTO location(id_location,num_chambre,nas_client,nas_employee,date_location,date_arrivee,date_depart,statut)
VALUES   
   (0000,13,999933333,333333333,'2024-05-20','2024-05-21','2024-05-25','confirmed'),
   (0001,16,999944444,444444444,'2024-05-21','2024-05-22','2024-05-26','confirmed'),
   (0002,21,999955555,555555555,'2024-05-22','2024-05-23','2024-05-27','confirmed');
   
INSERT INTO paiement(id_paiement,id_location,montant,date_paiement,methode_paiement,credit_card_number)
VALUES   
   (41111,0000,420.00,'2024-05-20','Mastercard','1234-5678-9101-1112'),
   (41112,0001,230.00,'2024-05-21','Visa','2345-6789-0123-2223'),
   (41113,0002,240.00,'2024-05-22','Visa','2255-6600-1133-2443');


INSERT INTO Utilisateur (email,password,userType)
VALUES 
   ('dubois.sophie@contact.com', 'securepass', 'client'),
   ('tremblay.jean@contact.com', 'mysecretpass', 'client'),
   ('gagnon.marie@contact.com', 'strongpassword', 'client'),
   ('lavoie.pierre@contact.com', 'pass1234', 'client'),
   ('fortin.isabelle@contact.com', 'password456', 'client'),
   ('contact@crown.com', 'securepass123', 'admin'),
   ('contact@diamond.com', 'securepass', 'admin'),
   ('contact@crestcom', 'mysecretpass', 'admin'),
   ('contact@jewelcom', 'strongpassword', 'admin'),
   ('contact@emerald.com', 'pass1234', 'admin'),
   ('contact@sapphire.com', 'password456', 'admin'),
   ('contact@cove.com', 'securepass123', 'admin'),
   ('contact@harbor.com', 'securepass', 'admin'),
   ('contact@heights.com', 'mysecretpass', 'admin'),
   ('contact@sunrise.com', 'strongpassword', 'admin'),
   ('contact@towers.com', 'pass1234', 'admin'),
   ('contact@skyline.com', 'password456', 'admin'),
   ('contact@summit.com', 'securepass123', 'admin'),
   ('contact@panorama.com', 'securepass', 'admin'),
   ('contact@highview.com', 'mysecretpass', 'admin'),
   ('contact@sunset.com', 'strongpassword', 'admin'),
   ('contact@serenityspa.com', 'pass1234', 'admin'),
   ('contact@tranquil.com', 'password456', 'admin'),
   ('contact@sunsetserenity.com', 'securepass123', 'admin'),
   ('contact@calmwaters.com', 'securepass', 'admin'),
   ('contact@blissful.com', 'mysecretpass', 'admin'),
   ('contact@peaceful.com', 'strongpassword', 'admin'),
   ('contact@serenehotel.com', 'pass1234', 'admin'),
   ('contact@harmony.com', 'password456', 'admin'),
   ('contact@stellarstay.com', 'securepass123', 'admin'),
   ('contact@starlightstay.com', 'securepass', 'admin'),
   ('contact@celestialhotel.com', 'mysecretpass', 'admin'),
   ('contact@stellarstars.com', 'strongpassword', 'admin'),
   ('contact@galaxygrand.com', 'pass1234', 'admin'),
   ('contact@cosmos.com', 'password456', 'admin'),
   ('contact@aurora.com.com', 'securepass123', 'admin'),
   ('contact@stellarshine.com', 'mysecretpass', 'admin'),
   ('contact@radianthotel.com', 'strongpassword', 'admin'),
   ('contact@sunshinesuites.com', 'pass1234', 'admin'),
   ('contact@goldenglow.com', 'password456', 'admin'),
   ('contact@gleaming.com', 'securepass123', 'admin'),
   ('contact@luminous.com', 'strongpassword', 'admin'),
   ('contact@brilliancebay.com', 'pass1234', 'admin'),
   ('contact@sparklings.com', 'password456', 'admin'),
   ('contact@reflections.com', 'securepass123', 'admin');






   
   